{
	"parent": "block/block",
	"textures": {
		"particle": "#leaves"
    },
	"elements": [
		{   "from": [ 0, 0, 0 ],
			"to": [ 16, 16, 16 ],
			"faces": {
				"down":  { "uv": [ 0, 0, 16, 16 ], "texture": "#overlay"},
				"up":    { "uv": [ 0, 0, 16, 16 ], "texture": "#overlay"},
				"north": { "uv": [ 0, 0, 16, 16 ], "texture": "#overlay"},
				"south": { "uv": [ 0, 0, 16, 16 ], "texture": "#overlay"},
				"west":  { "uv": [ 0, 0, 16, 16 ], "texture": "#overlay"},
				"east":  { "uv": [ 0, 0, 16, 16 ], "texture": "#overlay"}
			}
		},
		{   "from": [ 0, 0, 0 ],
			"to": [ 16, 16, 16 ],
            "faces": {
				"down":  { "uv": [ 0, 0, 16, 16 ], "texture": "#leaves", "tintindex": 1 },
				"up":    { "uv": [ 0, 0, 16, 16 ], "texture": "#leaves", "tintindex": 1 },
				"north": { "uv": [ 0, 0, 16, 16 ], "texture": "#leaves", "tintindex": 1 },
				"south": { "uv": [ 0, 0, 16, 16 ], "texture": "#leaves", "tintindex": 1 },
				"west":  { "uv": [ 0, 0, 16, 16 ], "texture": "#leaves", "tintindex": 1 },
				"east":  { "uv": [ 0, 0, 16, 16 ], "texture": "#leaves", "tintindex": 1 }
		}
		}
	]
}