{
	"variants": {
		"": [
		{"model": "byg:block/ender_lily"},
		{"model": "byg:block/ender_lily", "y": 90},
		{"model": "byg:block/ender_lily", "y": 180},
		{"model": "byg:block/ender_lily", "y": 270},
		{"model": "byg:block/ender_lily1"},
		{"model": "byg:block/ender_lily1", "y": 90},
		{"model": "byg:block/ender_lily1", "y": 180},
		{"model": "byg:block/ender_lily1", "y": 270},
		{"model": "byg:block/ender_lily2"},
		{"model": "byg:block/ender_lily2", "y": 90},
		{"model": "byg:block/ender_lily2", "y": 180},
		{"model": "byg:block/ender_lily2", "y": 270},
		{"model": "byg:block/ender_lily3"},
		{"model": "byg:block/ender_lily3", "y": 90},
		{"model": "byg:block/ender_lily3", "y": 180},
		{"model": "byg:block/ender_lily3", "y": 270}]
	}
}