{
	"variants": {
		"": [
		{"model": "byg:block/iris"},
		{"model": "byg:block/iris_1"},
		{"model": "byg:block/iris_1", "y": 90},
		{"model": "byg:block/iris_1", "y": 180},
		{"model": "byg:block/iris_1", "y": 270},
		{"model": "byg:block/iris_2"},
		{"model": "byg:block/iris_2", "y": 90},
		{"model": "byg:block/iris_2", "y": 180},
		{"model": "byg:block/iris_2", "y": 270},
		{"model": "byg:block/iris_3"},
		{"model": "byg:block/iris_3", "y": 90},
		{"model": "byg:block/iris_3", "y": 180},
		{"model": "byg:block/iris_3", "y": 270},
		{"model": "byg:block/iris_4"},
		{"model": "byg:block/iris_4", "y": 90},
		{"model": "byg:block/iris_4", "y": 180},
		{"model": "byg:block/iris_4", "y": 270},
		{"model": "byg:block/iris_5"}]
	}
}