{
	"variants": {
		"": [
		{"model": "byg:block/orange_daisy"},
		{"model": "byg:block/orange_daisy_1"},
		{"model": "byg:block/orange_daisy_1", "y": 90},
		{"model": "byg:block/orange_daisy_1", "y": 180},
		{"model": "byg:block/orange_daisy_1", "y": 270},
		{"model": "byg:block/orange_daisy_2"},
		{"model": "byg:block/orange_daisy_2", "y": 90},
		{"model": "byg:block/orange_daisy_2", "y": 180},
		{"model": "byg:block/orange_daisy_2", "y": 270},
		{"model": "byg:block/orange_daisy_3"},
		{"model": "byg:block/orange_daisy_3", "y": 90},
		{"model": "byg:block/orange_daisy_3", "y": 180},
		{"model": "byg:block/orange_daisy_3", "y": 270},
		{"model": "byg:block/orange_daisy_4"},
		{"model": "byg:block/orange_daisy_4", "y": 90},
		{"model": "byg:block/orange_daisy_4", "y": 180},
		{"model": "byg:block/orange_daisy_4", "y": 270},
		{"model": "byg:block/orange_daisy_5"}]
	}
}