{
	"variants": {
		"": [
		{"model": "biomesoplenty:block/toadstool"},
		{"model": "biomesoplenty:block/toadstool_1"},
		{"model": "biomesoplenty:block/toadstool_1", "y": 90},
		{"model": "biomesoplenty:block/toadstool_1", "y": 180},
		{"model": "biomesoplenty:block/toadstool_1", "y": 270},
		{"model": "biomesoplenty:block/toadstool_2"},
		{"model": "biomesoplenty:block/toadstool_2", "y": 90},
		{"model": "biomesoplenty:block/toadstool_2", "y": 180},
		{"model": "biomesoplenty:block/toadstool_2", "y": 270},
		{"model": "biomesoplenty:block/toadstool_3"},
		{"model": "biomesoplenty:block/toadstool_3", "y": 90},
		{"model": "biomesoplenty:block/toadstool_3", "y": 180},
		{"model": "biomesoplenty:block/toadstool_3", "y": 270},
		{"model": "biomesoplenty:block/toadstool_4"},
		{"model": "biomesoplenty:block/toadstool_4", "y": 90},
		{"model": "biomesoplenty:block/toadstool_4", "y": 180},
		{"model": "biomesoplenty:block/toadstool_4", "y": 270},
		{"model": "biomesoplenty:block/toadstool_5"}]
	}
}