{
	"ambientocclusion": false,
    "textures": {
		"particle": "#leaves"
	},
	"elements": [
		{
			"from": [0, 0, 14],
			"to": [16, 16, 14],
			"faces": {
				"north": {"uv": [0, 0, 16, 16], "tintindex": 0, "texture": "#leaves"},
				"south": {"uv": [0, 0, 16, 16], "tintindex": 0, "texture": "#leaves"}
			}
		},
		{
			"from": [14, 0, 0],
			"to": [14, 16, 16],
			"faces": {
				"east": {"uv": [0, 0, 16, 16], "tintindex": 0, "texture": "#leaves"},
				"west": {"uv": [0, 0, 16, 16], "tintindex": 0, "texture": "#leaves"}
			}
		},
		{
			"from": [0, 0, 2],
			"to": [16, 16, 2],
			"faces": {
				"north": {"uv": [0, 0, 16, 16], "tintindex": 0, "texture": "#leaves"},
				"south": {"uv": [0, 0, 16, 16], "tintindex": 0, "texture": "#leaves"}
			}
		},
		{
			"from": [2, 0, 0],
			"to": [2, 16, 16],
			"faces": {
				"east": {"uv": [0, 0, 16, 16], "tintindex": 0, "texture": "#leaves"},
				"west": {"uv": [0, 0, 16, 16], "tintindex": 0, "texture": "#leaves"}
			}
		}
	]
}