{
	"credit": "Made with Blockbench",
	"parent": "minecraft:block/block",
	"textures": {
		"particle": "#0"
	},
	"elements": [
		{
			"from": [0, 0, 0],
			"to": [16, 16, 16],
			"faces": {
				"north": {"uv": [0, 0, 16, 16], "texture": "#0", "cullface": "north", "tintindex": 0},
				"east": {"uv": [0, 0, 16, 16], "texture": "#0", "cullface": "east", "tintindex": 0},
				"south": {"uv": [0, 0, 16, 16], "texture": "#0", "cullface": "south", "tintindex": 0},
				"west": {"uv": [0, 0, 16, 16], "texture": "#0", "cullface": "west", "tintindex": 0},
				"up": {"uv": [0, 0, 16, 16], "texture": "#0", "cullface": "up", "tintindex": 0},
				"down": {"uv": [0, 0, 16, 16], "texture": "#0", "cullface": "down", "tintindex": 0}
			}
		},
		{
			"from": [-0.5, 20, 8],
			"to": [16.5, 23, 8],
			"shade": false,
			"rotation": {"angle": 22.5, "axis": "y", "origin": [8, 8, 8], "rescale": true},
			"faces": {
				"north": {"uv": [1.5, 14, 14.5, 16], "texture": "#0", "cullface": "up", "tintindex": 0},
				"south": {"uv": [1.5, 14, 14.5, 16], "texture": "#0", "cullface": "up", "tintindex": 0}
			}
		},
		{
			"from": [-2.5, -3, 8],
			"to": [18.5, 20, 8],
			"shade": false,
			"rotation": {"angle": 22.5, "axis": "y", "origin": [8, 8, 8], "rescale": true},
			"faces": {
				"north": {"uv": [0, 0, 16, 16], "texture": "#0", "tintindex": 0},
				"south": {"uv": [0, 0, 16, 16], "texture": "#0", "tintindex": 0}
			}
		},
		{
			"from": [-5.5, -0.15, 8],
			"to": [-2.5, 17.15, 8],
			"shade": false,
			"rotation": {"angle": 22.5, "axis": "y", "origin": [8, 8, 8], "rescale": true},
			"faces": {
				"north": {"uv": [0, 1.5, 2.5, 14.5], "texture": "#0", "cullface": "west", "tintindex": 0},
				"south": {"uv": [13.5, 1.5, 16, 14.5], "texture": "#0", "cullface": "west", "tintindex": 0}
			}
		},
		{
			"from": [18.5, -0.15, 8],
			"to": [21.5, 17.15, 8],
			"shade": false,
			"rotation": {"angle": 22.5, "axis": "y", "origin": [8, 8, 8], "rescale": true},
			"faces": {
				"north": {"uv": [13.5, 1.5, 16, 14.5], "texture": "#0", "cullface": "east", "tintindex": 0},
				"south": {"uv": [0, 1.5, 2.5, 14.5], "texture": "#0", "cullface": "east", "tintindex": 0}
			}
		},
		{
			"from": [-0.5, -6, 8],
			"to": [16.5, -3, 8],
			"shade": false,
			"rotation": {"angle": 22.5, "axis": "y", "origin": [8, 8, 8], "rescale": true},
			"faces": {
				"north": {"uv": [1.5, 0, 14.5, 2], "texture": "#0", "cullface": "down", "tintindex": 0},
				"south": {"uv": [1.5, 0, 14.5, 2], "texture": "#0", "cullface": "down", "tintindex": 0}
			}
		},
		{
			"from": [8, 20, -0.5],
			"to": [8, 23, 16.5],
			"shade": false,
			"rotation": {"angle": 22.5, "axis": "y", "origin": [8, 8, 8], "rescale": true},
			"faces": {
				"east": {"uv": [1.5, 14, 14.5, 16], "texture": "#0", "cullface": "up", "tintindex": 0},
				"west": {"uv": [1.5, 14, 14.5, 16], "texture": "#0", "cullface": "up", "tintindex": 0}
			}
		},
		{
			"from": [8, -3, -2.5],
			"to": [8, 20, 18.5],
			"shade": false,
			"rotation": {"angle": 22.5, "axis": "y", "origin": [8, 8, 8], "rescale": true},
			"faces": {
				"east": {"uv": [0, 0, 16, 16], "texture": "#0", "tintindex": 0},
				"west": {"uv": [0, 0, 16, 16], "texture": "#0", "tintindex": 0}
			}
		},
		{
			"from": [8, -0.15, 18.5],
			"to": [8, 17.15, 21.5],
			"shade": false,
			"rotation": {"angle": 22.5, "axis": "y", "origin": [8, 8, 8], "rescale": true},
			"faces": {
				"east": {"uv": [13.5, 1.5, 16, 14.5], "texture": "#0", "cullface": "south", "tintindex": 0},
				"west": {"uv": [0, 1.5, 2.5, 14.5], "texture": "#0", "cullface": "south", "tintindex": 0}
			}
		},
		{
			"from": [8, -0.15, -5.5],
			"to": [8, 17.05, -2.5],
			"shade": false,
			"rotation": {"angle": 22.5, "axis": "y", "origin": [8, 8, 8], "rescale": true},
			"faces": {
				"east": {"uv": [0, 1.5, 2.5, 14.5], "texture": "#0", "cullface": "north", "tintindex": 0},
				"west": {"uv": [13.5, 1.5, 16, 14.5], "texture": "#0", "cullface": "north", "tintindex": 0}
			}
		},
		{
			"from": [8, -6, -0.5],
			"to": [8, -3, 16.5],
			"shade": false,
			"rotation": {"angle": 22.5, "axis": "y", "origin": [8, 8, 8], "rescale": true},
			"faces": {
				"east": {"uv": [1.5, 0, 14.5, 2], "texture": "#0", "cullface": "down", "tintindex": 0},
				"west": {"uv": [1.5, 0, 14.5, 2], "texture": "#0", "cullface": "down", "tintindex": 0}
			}
		}
	]
}