{
	"variants": {
		"": [
		{"model": "byg:block/pink_allium"},
		{"model": "byg:block/pink_allium_1"},
		{"model": "byg:block/pink_allium_1", "y": 90},
		{"model": "byg:block/pink_allium_1", "y": 180},
		{"model": "byg:block/pink_allium_1", "y": 270},
		{"model": "byg:block/pink_allium_2"},
		{"model": "byg:block/pink_allium_2", "y": 90},
		{"model": "byg:block/pink_allium_2", "y": 180},
		{"model": "byg:block/pink_allium_2", "y": 270},
		{"model": "byg:block/pink_allium_3"},
		{"model": "byg:block/pink_allium_3", "y": 90},
		{"model": "byg:block/pink_allium_3", "y": 180},
		{"model": "byg:block/pink_allium_3", "y": 270},
		{"model": "byg:block/pink_allium_4"},
		{"model": "byg:block/pink_allium_4", "y": 90},
		{"model": "byg:block/pink_allium_4", "y": 180},
		{"model": "byg:block/pink_allium_4", "y": 270},
		{"model": "byg:block/pink_allium_5"}]
	}
}