{
	"variants": {
		"": [
		{"model": "biomesoplenty:block/glowshroom"},
		{"model": "biomesoplenty:block/glowshroom_1"},
		{"model": "biomesoplenty:block/glowshroom_1", "y": 90},
		{"model": "biomesoplenty:block/glowshroom_1", "y": 180},
		{"model": "biomesoplenty:block/glowshroom_1", "y": 270},
		{"model": "biomesoplenty:block/glowshroom_2"},
		{"model": "biomesoplenty:block/glowshroom_2", "y": 90},
		{"model": "biomesoplenty:block/glowshroom_2", "y": 180},
		{"model": "biomesoplenty:block/glowshroom_2", "y": 270},
		{"model": "biomesoplenty:block/glowshroom_3"},
		{"model": "biomesoplenty:block/glowshroom_3", "y": 90},
		{"model": "biomesoplenty:block/glowshroom_3", "y": 180},
		{"model": "biomesoplenty:block/glowshroom_3", "y": 270},
		{"model": "biomesoplenty:block/glowshroom_4"},
		{"model": "biomesoplenty:block/glowshroom_4", "y": 90},
		{"model": "biomesoplenty:block/glowshroom_4", "y": 180},
		{"model": "biomesoplenty:block/glowshroom_4", "y": 270},
		{"model": "biomesoplenty:block/glowshroom_5"}]
	}
}